topic_id,topic,score,confidence,qualifies,explanation,evidence,expert_rating,expert_comment
2,siRNA and RNA interference,81.5,47.3,no,"siRNA and RNA interference scores 81.5 for trend (High priority), with confidence 47. Largest contributions: velocity 95/100 (weight 0.46, 44.1 points), momentum 95/100 (weight 0.38, 36.7 points), consistency 5/100 (weight 0.15, 0.7 points). Based on 6 record(s). No data for patent growth, funding growth; their weight was shared across the remaining components and confidence reduced. Not treated as a confirmed finding because it fails: confidence 47 is below the 60 required; only 6 record(s), fewer than the 10 required; only 1 source type(s) show growth; 2 independent sources are required; the growth comes from one isolated month rather than a sustained rise.",record 4659; record 4661; record 4658; record 4660; record 4481,,
8,AI-assisted drug discovery,67.3,89.4,yes,"AI-assisted drug discovery scores 67.3 for trend (Emerging), with confidence 89. Largest contributions: momentum 86/100 (weight 0.25, 21.6 points), patent growth 77/100 (weight 0.20, 15.5 points), funding growth 77/100 (weight 0.15, 11.6 points). Based on 233 record(s). Qualifies as an emerging trend: it clears the score and confidence thresholds, has enough evidence, and 4 independent sources show growth.",record 4565; record 4569; record 4579; record 4592; record 4567,,
1,mRNA therapeutics,63.6,83.8,yes,"mRNA therapeutics scores 63.6 for trend (Emerging), with confidence 84. Largest contributions: velocity 77/100 (weight 0.30, 23.2 points), patent growth 68/100 (weight 0.20, 13.6 points), funding growth 86/100 (weight 0.15, 13.0 points). Based on 271 record(s). Qualifies as an emerging trend: it clears the score and confidence thresholds, has enough evidence, and 3 independent sources show growth.",record 4631; record 4629; record 4637; record 4626; record 4622,,
12,Neurology,60.5,78.3,yes,"Neurology scores 60.5 for trend (Emerging), with confidence 78. Largest contributions: velocity 86/100 (weight 0.30, 25.9 points), patent growth 59/100 (weight 0.20, 11.8 points), momentum 41/100 (weight 0.25, 10.2 points). Based on 339 record(s). Qualifies as an emerging trend: it clears the score and confidence thresholds, has enough evidence, and 2 independent sources show growth.",record 4648; record 4651; record 4663; record 4527; record 4629,,
6,Bispecific antibodies,55.9,78.3,no,"Bispecific antibodies scores 55.9 for trend (Watchlist), with confidence 78. Largest contributions: momentum 77/100 (weight 0.25, 19.3 points), velocity 59/100 (weight 0.30, 17.7 points), funding growth 50/100 (weight 0.15, 7.5 points). Based on 323 record(s). Not treated as a confirmed finding because it fails: trend score 56 is below the 60 required.",record 4605; record 4602; record 4596; record 4609; record 4595,,
3,CRISPR gene editing,55.0,83.8,no,"CRISPR gene editing scores 55.0 for trend (Watchlist), with confidence 84. Largest contributions: patent growth 86/100 (weight 0.20, 17.3 points), velocity 50/100 (weight 0.30, 15.0 points), momentum 59/100 (weight 0.25, 14.8 points). Based on 441 record(s). Not treated as a confirmed finding because it fails: trend score 55 is below the 60 required.",record 4525; record 4518; record 4503; record 4508; record 4526,,
9,Oncology,54.8,78.3,no,"Oncology scores 54.8 for trend (Watchlist), with confidence 78. Largest contributions: velocity 68/100 (weight 0.30, 20.5 points), momentum 68/100 (weight 0.25, 17.0 points), funding growth 64/100 (weight 0.15, 9.5 points). Based on 309 record(s). Not treated as a confirmed finding because it fails: trend score 55 is below the 60 required.",record 4602; record 4609; record 4538; record 4604; record 4504,,
7,Neurodegeneration,44.1,78.3,no,"Neurodegeneration scores 44.1 for trend (Watchlist), with confidence 78. Largest contributions: patent growth 95/100 (weight 0.20, 19.1 points), velocity 41/100 (weight 0.30, 12.3 points), consistency 73/100 (weight 0.10, 7.3 points). Based on 206 record(s). Not treated as a confirmed finding because it fails: trend score 44 is below the 60 required.",record 4648; record 4651; record 4654; record 4640; record 4653,,
4,AAV gene delivery,29.5,78.3,no,"AAV gene delivery scores 29.5 for trend (Low activity or declining), with confidence 78. Largest contributions: funding growth 95/100 (weight 0.15, 14.3 points), momentum 32/100 (weight 0.25, 8.0 points), consistency 50/100 (weight 0.10, 5.0 points). Based on 198 record(s). Not treated as a confirmed finding because it fails: trend score 30 is below the 60 required.",record 4564; record 4560; record 4554; record 4559; record 4561,,
13,Immunology,25.0,67.2,no,"Immunology scores 25.0 for trend (Low activity or declining), with confidence 67. Largest contributions: patent growth 41/100 (weight 0.20, 8.2 points), velocity 23/100 (weight 0.30, 6.8 points), funding growth 41/100 (weight 0.15, 6.1 points). Based on 285 record(s). Not treated as a confirmed finding because it fails: trend score 25 is below the 60 required; only 0 source type(s) show growth; 2 independent sources are required.",record 4548; record 4508; record 4526; record 4523; record 4635,,
5,Immune checkpoint inhibitors,21.8,67.2,no,"Immune checkpoint inhibitors scores 21.8 for trend (Low activity or declining), with confidence 67. Largest contributions: momentum 23/100 (weight 0.25, 5.7 points), funding growth 32/100 (weight 0.15, 4.8 points), patent growth 23/100 (weight 0.20, 4.5 points). Based on 237 record(s). Not treated as a confirmed finding because it fails: trend score 22 is below the 60 required; only 0 source type(s) show growth; 2 independent sources are required.",record 4541; record 4548; record 4552; record 4538; record 4543,,
